#{"t_start": 1772767812.3438518, "env_id": "marinenav_env-v0"}
r,l,t,is_success
-294.846605,239,4.825822,False
-1024.590985,1001,6.748987,False
-103.64108,77,7.054533,False
-726.71591,667,8.349612,False
-132.367811,101,9.868239,False
-297.011099,259,10.376102,False
-324.081292,291,10.94977,False
-408.735584,370,11.674057,False
-60.175439,22,11.738283,False
-88.231534,61,11.865075,False
-66.635281,31,11.936102,False
-216.061378,156,12.242167,False
40.510269,94,12.455198,True
-336.712123,322,13.086704,False
-109.827363,84,13.266238,False
-225.456227,193,13.653869,False
-71.084807,38,13.741385,False
-136.980211,93,14.918521,False
-233.841793,198,15.315278,False
-123.567575,91,15.512159,False
-110.415022,78,15.67567,False
-85.253978,53,15.795249,False
4.746754,126,16.059783,True
-140.296027,109,16.29605,False
-275.764471,252,16.823251,False
-49.708056,12,16.862251,False
-50.578373,23,16.915779,False
-18.975562,154,17.238877,True
85.121045,44,17.339307,True
-96.61376,76,17.503844,False
-517.904212,486,18.656375,False
-128.051178,88,18.864402,False
-140.667168,274,20.528154,True
-134.143686,108,20.770211,False
-107.596682,72,20.929241,False
-68.722527,19,20.97424,False
94.921861,37,21.054759,True
82.782152,46,21.154152,True
-114.990013,86,21.336184,False
-82.746102,44,21.433561,False
-263.997999,233,21.91965,False
37.347004,105,22.148144,True
-81.752644,42,22.248661,False
-114.857295,94,22.459691,False
-176.58128,147,22.793129,False
-293.278652,240,23.322816,False
-68.285749,23,23.386814,False
-67.387928,204,23.835925,True
-82.967064,53,23.970454,False
-81.122583,57,24.104981,False
10.019285,123,24.386096,True
-247.842752,215,24.881316,False
-89.308845,57,25.023877,False
-311.986696,449,27.079036,True
-444.462604,412,27.959296,False
77.304434,59,28.122342,True
28.803761,106,28.354592,True
-276.657062,251,28.91294,False
-78.34746,33,28.999452,False
-131.582489,264,29.589366,True
79.155063,52,29.720394,True
-63.594335,11,29.751392,False
25.679897,124,30.032959,True
-54.082104,24,30.095959,False
93.138855,43,30.19648,True
26.790488,103,30.433021,True
-90.69816,229,32.048797,True
-191.030754,164,32.513772,False
-147.798459,108,32.750335,False
-84.226928,44,32.850908,False
35.289845,96,33.049627,True
-64.473835,202,33.479331,True
-66.285732,29,33.551966,False
-60.473022,25,33.608495,False
71.298699,77,33.778057,True
-69.176497,34,33.858604,False
-370.545994,510,34.990725,True
91.932872,37,35.099245,True
-246.948016,389,35.98274,True
-135.484853,273,37.717557,True
-74.663989,46,37.832495,False
44.108461,105,38.07516,True
65.916076,79,38.245154,True
94.263462,45,38.346671,True
55.502458,79,38.514756,True
-91.695267,60,38.651786,False
-96.039767,75,38.818812,False
-48.025399,8,38.841817,False
87.642408,49,38.948333,True
-69.704139,30,39.018843,False
-985.941387,1001,41.266701,False
-83.988925,50,41.442746,False
-65.750568,25,41.517747,False
23.002092,114,41.792877,True
-49.642932,18,41.844396,False
-51.493046,20,41.898396,False
-74.181967,31,41.976925,False
41.454506,92,42.197926,True
-204.605566,166,43.689478,False
72.966548,60,43.827534,True
-56.299112,24,43.883548,False
78.57956,59,44.010052,True
84.978128,48,44.11858,True
-92.294622,64,44.255853,False
80.734313,52,44.372582,True
-64.511291,36,44.46261,False
96.657121,42,44.558141,True
104.846074,28,44.623676,True
-59.676019,38,44.708679,False
90.947772,38,44.79319,True
-67.662043,28,44.859725,False
-88.032883,63,44.997236,False
-60.376372,40,45.085655,False
94.815365,35,45.161688,True
91.528745,45,45.261955,True
74.43037,55,45.388483,True
108.406166,32,45.464955,True
45.764903,86,45.662166,True
60.11885,96,45.885224,True
-80.099843,41,45.98474,False
-97.947482,70,46.154718,False
53.555146,75,46.331741,True
65.346874,65,46.488904,True
67.817326,64,46.657862,True
-47.064241,7,46.678868,False
30.831526,110,46.931098,True
-118.539361,69,47.096464,False
-63.831913,32,47.175984,False
-65.276069,29,47.247504,False
-77.159433,38,47.344668,False
109.201025,21,47.401671,True
89.115562,63,47.548697,True
-80.567226,55,47.691219,False
-53.858421,15,47.732752,False
90.701135,43,47.842293,True
-71.978869,48,47.967809,False
-61.668906,27,48.043143,False
-51.203532,18,48.093143,False
-44.2244,10,48.121651,False
64.8884,73,48.306126,True
-54.286108,24,48.376648,False
81.217742,47,49.642102,True
-48.251388,10,49.668102,False
-59.034492,32,49.742615,False
-69.958754,35,49.822127,False
-45.068716,14,49.856133,False
-76.168592,35,49.935649,False
100.444694,39,50.023157,True
47.091585,99,50.232256,True
90.781517,40,50.324771,True
106.199895,23,50.377771,True
-57.540781,18,50.420778,False
79.251788,58,50.548802,True
-56.035425,16,50.588802,False
100.05405,48,50.696825,True
72.378965,66,50.840787,True
105.229874,26,50.901919,True
82.340173,56,51.028486,True
86.627433,57,51.157524,True
72.15064,64,51.303046,True
-46.789901,17,51.346571,False
-58.258318,13,51.383568,False
99.653924,32,51.45982,True
80.520713,58,51.593347,True
-77.67276,37,51.680387,False
85.917627,52,51.809925,True
103.03631,38,51.906373,True
-74.657112,34,51.987899,False
-71.999357,36,52.075426,False
-48.902472,24,52.134471,False
100.953071,32,52.211479,True
-48.25988,15,52.249997,False
93.785375,40,52.344143,True
110.538616,36,52.430671,True
108.376558,27,52.49467,True
-56.554168,22,52.549179,False
-72.489602,42,52.650944,False
79.978057,50,52.770468,True
93.954975,42,52.872994,True
92.120122,38,52.965519,True
61.991929,71,53.134726,True
89.123056,41,53.233253,True
-50.608744,13,53.267255,False
-66.168502,32,53.349389,False
-60.246851,22,53.405388,False
-52.062375,21,53.459903,False
89.604685,47,53.587045,True
-62.048154,32,53.669072,False
73.304667,70,53.960644,True
-66.940154,34,54.048168,False
91.512135,50,54.173208,True
119.622519,24,54.236733,True
104.067755,27,54.305666,True
-60.522906,26,54.370178,False
51.570987,82,55.734853,True
-50.97701,18,55.782851,False
103.605797,27,55.846369,True
98.926474,31,55.916868,True
88.038668,47,56.022383,True
93.678089,39,56.111898,True
91.032555,46,56.217919,True
95.21952,40,56.310434,True
116.059117,17,56.352947,True
81.319007,55,56.490458,True
59.652962,78,56.661001,True
87.098083,42,56.760357,True
76.247315,55,56.884877,True
101.077407,36,56.966394,True
88.889238,51,57.081911,True
92.65797,47,57.190939,True
105.960455,30,57.259453,True
93.651308,38,57.348854,True
-44.534217,18,57.392147,False
86.302448,51,57.512041,True
87.508085,45,57.621558,True
91.443377,51,57.743088,True
87.711239,44,57.848604,True
112.32848,43,57.955118,True
24.631791,108,58.199277,True
-42.47086,10,58.228627,False
-70.310914,26,58.295034,False
100.086449,33,58.377558,True
51.330146,93,58.596592,True
-62.063543,14,58.636618,False
107.287239,32,58.731019,True
78.287088,58,58.86955,True
101.156643,34,58.954785,True
-54.971968,18,59.000782,False
107.893085,31,59.084298,True
55.47454,76,59.268848,True
97.095047,38,59.365361,True
86.794007,46,59.477879,True
-80.446068,50,59.612321,False
95.765802,38,59.706426,True
104.108964,34,59.793067,True
103.095566,30,59.87058,True
105.422774,31,59.948095,True
-56.921854,24,60.011093,False
91.567704,45,60.127133,True
-71.48746,32,60.207645,False
-70.620187,47,60.332458,False
82.177294,56,60.471991,True
-58.468633,35,60.561504,False
88.316789,42,60.665529,True
92.289289,39,61.882904,True
81.151291,51,61.994416,True
109.230626,35,62.07652,True
-58.863611,23,62.135561,False
-51.289322,12,62.177565,False
90.073107,41,62.275082,True
86.120246,45,62.383609,True
101.641611,45,62.486134,True
113.113742,21,62.535664,True
104.536204,30,62.603658,True
-55.936404,22,62.656704,False
113.707424,22,62.706703,True
72.942372,66,62.870423,True
-66.122726,33,62.951393,False
102.308507,29,63.017391,True
94.964952,43,63.114906,True
90.958265,44,63.213929,True
93.735494,43,63.311439,True
-51.448029,17,63.350952,False
2.219355,137,63.660252,True
-58.477492,22,63.725261,False
-49.690404,10,63.763775,False
-83.064534,54,63.901311,False
100.078795,31,63.976472,True
-48.467433,10,64.00247,False
-42.878209,9,64.026477,False
-47.501286,12,64.055987,False
-47.040134,9,64.079987,False
-48.512183,10,64.104992,False
-41.544342,11,64.134031,False
102.358239,27,64.200033,True
74.370083,65,64.349087,True
56.801047,74,64.53322,True
96.848318,35,64.63394,True
-56.389368,23,64.693946,False
-44.727282,13,64.726945,False
88.920777,41,64.828461,True
-45.995076,13,64.86254,False
-81.140304,41,64.960708,False
99.42656,38,65.054226,True
107.959503,43,65.157309,True
-57.992351,17,65.202331,False
79.571354,55,65.355455,True
86.010528,54,65.4869,True
100.128615,29,65.559436,True
92.112578,37,65.654464,True
105.01429,35,65.740984,True
98.51248,33,65.823997,True
114.196951,28,65.894516,True
-55.26756,21,65.948035,False
104.438649,34,66.052794,True
-53.816337,25,66.117523,False
93.290805,45,66.23027,True
40.31411,101,66.476322,True
110.062916,32,66.560843,True
106.642204,23,66.622902,True
-60.176928,17,66.667923,False
115.070044,23,66.732453,True
-49.798746,8,66.754412,False
112.516312,24,66.827432,True
-49.600799,12,66.868956,False
-53.366215,15,66.909954,False
100.689053,29,68.101034,True
93.580039,40,68.19073,True
99.297903,45,68.29346,True
95.69422,33,68.3678,True
93.618288,45,68.470342,True
-48.961707,11,68.49935,False
-47.764604,11,68.527359,False
97.046989,36,68.612876,True
-57.631274,28,68.676913,False
87.075442,50,68.785439,True
-48.276899,7,68.804439,False
103.366829,29,68.886955,True
112.303265,29,68.953481,True
-47.668165,12,68.982527,False
108.764166,37,69.066043,True
76.423682,55,69.187067,True
110.289179,19,69.231071,True
94.545974,40,69.318593,True
-47.59372,8,69.339105,False
92.388907,40,69.431111,True
108.949035,27,69.500608,True
-69.870071,34,69.581129,False
-48.107682,16,69.620186,False
-49.951575,22,69.672213,False
102.358381,35,69.751649,True
85.59758,44,69.850005,True
-52.318715,14,69.886003,False
-55.777756,14,69.924013,False
96.986266,32,70.007525,True
-46.112767,17,70.054051,False
109.542178,28,70.121056,True
89.320772,42,70.220979,True
98.48616,35,70.3065,True
-45.652265,8,70.32751,False
-48.003502,8,70.351026,False
109.227355,20,70.403296,True
89.600402,40,70.516771,True
-53.935197,15,70.555288,False
112.147597,19,70.60332,True
13.914194,115,70.869022,True
-60.278954,31,70.949539,False
115.745269,19,70.998544,True
99.323767,32,71.076754,True
102.413436,29,71.147258,True
100.4476,30,71.219269,True
110.065239,23,71.281797,True
-50.813608,17,71.336315,False
115.855186,29,71.408318,True
-50.631701,21,71.462836,False
107.830277,35,71.549023,True
-54.188164,26,71.616026,False
84.783352,45,71.726568,True
105.882081,30,71.804102,True
110.649908,22,71.860635,True
101.384421,29,71.943155,True
101.838108,35,72.03016,True
-55.2405,17,72.073685,False
-42.887416,7,72.092685,False
100.518291,29,72.163729,True
-53.015298,16,72.205735,False
108.309492,35,72.29325,True
-52.506758,16,72.33508,False
89.592862,42,72.441128,True
110.051572,19,72.491128,True
115.559332,25,72.57282,True
-45.855885,10,72.603423,False
102.133053,35,72.691248,True
-60.276476,20,72.743286,False
105.69976,27,72.813289,True
-55.525448,24,72.877806,False
-43.515822,18,72.924822,False
-50.832434,26,72.992333,False
96.594849,33,73.089861,True
94.655402,40,74.342944,True
103.711677,31,74.414946,True
89.222713,45,74.514548,True
111.072067,35,74.612066,True
-52.408607,22,74.665736,False
91.565753,46,74.774178,True
105.043426,25,74.835798,True
-48.77621,14,74.871367,False
-46.231418,12,74.902364,False
104.506333,28,74.965536,True
104.382651,32,75.03766,True
102.734287,31,75.112659,True
106.816738,25,75.172185,True
111.541375,19,75.216184,True
89.786074,49,75.325352,True
84.382889,46,75.427873,True
109.39622,27,75.491385,True
110.671906,20,75.537916,True
-42.780916,14,75.571918,False
114.91945,17,75.615917,True
-48.755163,18,75.670701,False
96.692853,33,75.748215,True
120.823514,26,75.807214,True
-52.736988,12,75.835219,False
113.573308,20,75.883312,True
107.348047,25,75.940419,True
114.063787,27,76.00242,True
113.220721,29,76.069946,True
101.35923,44,76.172988,True
107.840384,26,76.242512,True
98.409332,32,76.325516,True
107.180519,25,76.387223,True
103.654184,30,76.460752,True
-45.769382,16,76.501751,False
103.010106,34,76.584117,True
102.573348,43,76.687207,True
59.007329,71,76.853273,True
90.658191,49,76.973417,True
-42.677786,12,77.009181,False
115.342051,25,77.080918,True
-42.333304,19,77.130928,False
110.293153,19,77.179659,True
101.316844,34,77.265147,True
-59.617416,21,77.320148,False
113.565569,20,77.371666,True
85.113694,59,77.515204,True
112.718385,17,77.560729,True
97.49351,47,77.680816,True
-44.344089,22,77.740308,False
-59.042992,21,77.795305,False
100.39657,29,77.868828,True
95.171253,44,77.976915,True
-52.509112,15,78.018096,False
106.879247,38,78.112614,True
-47.576561,18,78.160137,False
-44.632839,8,78.183137,False
106.04817,28,78.257664,True
107.55995,26,78.323676,True
106.446961,25,78.387171,True
108.855965,34,78.471757,True
69.429889,65,78.627146,True
-46.979389,15,78.66759,False
115.842947,20,78.719667,True
-54.919557,17,78.764188,False
-58.076689,26,78.829192,False
-45.725897,19,78.879723,False
107.732399,23,78.936742,True
106.831601,24,79.000259,True
110.119965,26,79.078184,True
103.035218,29,79.154306,True
93.504732,46,79.269571,True
108.65652,29,79.345157,True
87.052197,42,80.547597,True
93.157897,41,80.637578,True
-73.691568,29,80.705612,False
-43.088079,6,80.721658,False
107.737939,21,80.769137,True
90.597786,47,80.872669,True
-53.152774,19,80.919669,False
-48.167106,15,80.956244,False
-54.988057,25,81.01525,False
112.01416,27,81.080774,True
110.522664,22,81.139286,True
99.788179,43,81.236098,True
111.451597,25,81.295293,True
106.192188,27,81.356975,True
-48.922147,16,81.39609,False
76.724399,54,81.515606,True
-49.263925,16,81.556176,False
105.196025,24,81.615179,True
-57.537052,35,81.710371,False
92.941825,46,81.811868,True
106.884963,26,81.872431,True
106.722995,28,81.938408,True
101.483864,27,82.003532,True
109.327588,26,82.07459,True
-45.242479,21,82.124591,False
98.480805,31,82.196716,True
102.126677,37,82.283768,True
-47.91842,13,82.316767,False
104.889895,26,82.378946,True
113.687933,21,82.42895,True
106.469276,24,82.488463,True
102.960769,28,82.554984,True
100.464928,36,82.64099,True
-54.708966,16,82.680006,False
101.325038,50,82.794527,True
72.237712,57,82.925154,True
-54.103798,19,82.973675,False
107.663775,29,83.04522,True
-48.781345,16,83.08522,False
77.568546,55,83.212367,True
111.458098,30,83.283892,True
109.824477,28,83.353403,True
-58.391024,16,83.393405,False
-52.585185,13,83.430523,False
-42.40738,11,83.460303,False
-53.712763,17,83.504441,False
105.256612,28,83.594475,True
107.803953,22,83.649913,True
-46.361653,14,83.685914,False
81.243133,52,83.809445,True
-50.844625,16,83.850963,False
-46.694051,24,83.91296,False
-44.620655,7,83.932964,False
108.270413,36,84.02051,True
103.93005,34,84.103586,True
80.53996,56,84.253629,True
-48.032173,14,84.29264,False
-69.779449,32,84.375243,False
-50.743467,13,84.410813,False
-49.02253,9,84.436837,False
105.842535,32,84.517357,True
-51.62783,14,84.553883,False
98.817794,32,84.632893,True
101.866368,40,84.729671,True
100.527793,38,84.837197,True
109.185773,24,84.896607,True
108.507653,35,84.984135,True
-49.413043,19,85.033141,False
-48.598266,9,85.056634,False
103.744949,35,85.143674,True
117.61521,24,85.205197,True
-43.974584,10,85.232204,False
90.895497,38,85.329729,True
-48.636174,11,85.359238,False
-59.026618,31,85.440244,False
-42.725899,9,85.464756,False
94.230901,35,86.660183,True
95.904047,43,86.757279,True
-47.517836,13,86.790278,False
107.167137,23,86.841283,True
106.955305,25,86.913797,True
94.009665,52,87.039351,True
-39.067354,24,87.097807,False
104.503394,29,87.163375,True
-47.78881,15,87.200326,False
103.345986,27,87.264845,True
106.542523,41,87.357919,True
-48.224164,9,87.381918,False
86.211961,49,87.492501,True
116.325223,30,87.577337,True
111.935934,24,87.639348,True
115.114378,23,87.694746,True
106.782691,25,87.756984,True
-43.886187,12,87.790446,False
-53.792533,19,87.837652,False
109.812984,22,87.890702,True
114.679365,24,87.947221,True
107.400832,31,88.023228,True
108.591733,30,88.097731,True
99.684102,34,88.176741,True
101.375622,29,88.24629,True
108.652217,25,88.318264,True
108.312677,22,88.374481,True
-62.467928,41,88.475017,False
101.406014,36,88.56053,True
-74.374973,48,88.683056,False
-47.326661,16,88.724056,False
-57.652832,24,88.785674,False
101.933482,34,88.86716,True
91.962912,44,88.981682,True
104.538983,28,89.052208,True
103.006002,36,89.140213,True
100.902967,32,89.240257,True
-57.348134,24,89.325775,False
-52.189133,11,89.364296,False
106.526469,24,89.432312,True
-49.021998,29,89.513929,False
-43.839845,14,89.556158,False
105.384949,27,89.634205,True
-49.293025,13,89.669774,False
90.752687,40,89.771332,True
107.18261,33,89.855535,True
-48.086049,25,89.920484,False
-60.190362,17,89.972269,False
93.665996,41,90.077005,True
93.682199,35,90.176547,True
-49.290322,20,90.228531,False
102.400271,29,90.302078,True
110.934605,26,90.366598,True
111.848674,21,90.420604,True
102.855992,36,90.511974,True
-56.731405,23,90.572448,False
-52.171282,19,90.622443,False
-43.345298,13,90.66052,False
103.838334,38,90.762052,True
-46.169575,26,90.832048,False
95.941559,43,90.937566,True
108.351366,20,90.997078,True
-52.515507,20,91.058168,False
91.783039,47,91.178593,True
-47.390207,13,91.215602,False
-52.086394,14,91.257118,False
110.707586,20,91.312117,True
-43.042343,16,91.354633,False
-40.748608,16,91.396638,False
115.048522,30,91.473171,True
-58.461028,18,91.520175,False
97.560436,31,91.598752,True
-51.15715,20,91.650572,False
107.181107,31,91.743587,True
108.946961,23,91.80267,True
-49.621678,10,91.829668,False
-50.930777,11,91.859192,False
94.714095,35,94.09439,True
-48.542088,16,94.168427,False
107.669152,24,94.269953,True
101.229007,33,94.448825,True
-57.617741,16,94.523828,False
-57.215096,23,94.629341,False
109.845422,29,94.759946,True
101.889283,32,94.945439,True
100.175505,33,95.12627,True
-49.271084,11,95.198927,False
-52.632591,13,95.269449,False
-54.930328,22,95.398966,False
104.321649,34,95.573014,True
77.50138,59,95.883084,True
-51.799542,18,95.972601,False
103.770106,28,96.131181,True
109.381316,28,96.264663,True
110.000897,22,96.370185,True
-46.015993,16,96.44519,False
-59.597116,15,96.544843,False
106.486635,29,96.704613,True
-48.032198,13,96.781165,False
115.413827,23,96.927685,True
96.958942,33,97.150354,True
-55.652516,19,97.269421,False
111.295925,26,97.437946,True
104.255785,25,97.637999,True
-40.310611,13,97.734037,False
-36.798426,17,97.867667,False
108.544524,21,98.023188,True
93.68826,44,98.238386,True
105.146367,33,98.461491,True
87.56602,54,98.806915,True
95.832693,36,98.999861,True
108.492535,21,99.116357,True
-44.069313,11,99.183875,False
98.639627,36,99.3685,True
-44.388624,7,99.405503,False
115.695995,17,99.490016,True
108.190275,28,99.628536,True
-56.976327,19,99.710051,False
108.120875,24,99.813449,True
-45.594298,17,99.890973,False
96.695526,37,100.07101,True
77.577599,57,100.337968,True
-46.584995,8,100.383478,False
-58.918685,21,100.472961,False
99.883475,30,100.612084,True
108.780788,25,100.728608,True
-56.427862,21,100.850345,False
-54.962102,15,100.928334,False
102.036203,29,101.078582,True
116.93359,27,101.191097,True
100.050121,30,101.310618,True
111.513925,24,101.418031,True
94.971844,46,101.638116,True
-51.654018,14,101.70616,False
97.144942,38,101.857175,True
114.542032,19,101.937168,True
-50.659815,17,102.00969,False
102.270815,31,102.128852,True
-49.758743,14,102.189369,False
-42.876435,15,102.253891,False
-48.567964,11,102.301892,False
-42.359395,26,102.447413,False
103.801993,33,102.58145,True
115.34122,22,102.668493,True
-48.448588,18,102.745502,False
82.961753,55,102.966658,True
101.927314,36,103.126318,True
-52.815045,14,103.196593,False
106.722211,22,103.295113,True
104.441342,30,103.458154,True
98.246874,45,103.649678,True
115.125728,18,103.731844,True
-48.805139,13,103.796203,False
-41.934866,18,103.888728,False
113.568942,17,103.94977,True
104.731581,46,104.098284,True
-58.467247,17,104.158794,False
108.869844,28,104.266314,True
-43.897453,11,105.395588,False
98.977939,30,105.463115,True
91.481374,40,105.554119,True
108.540613,28,105.619632,True
96.176086,41,105.710724,True
85.784715,45,105.811247,True
112.019222,19,105.856684,True
105.488511,36,105.95069,True
105.913503,29,106.017201,True
107.801886,29,106.083729,True
100.342663,50,106.195235,True
107.111108,23,106.250243,True
110.255818,20,106.295801,True
-57.318141,24,106.352809,False
-44.210494,5,106.367326,False
108.096403,33,106.44133,True
106.646064,26,106.50178,True
93.506715,38,106.599298,True
-49.110378,14,106.633298,False
-49.315361,11,106.662518,False
104.439081,27,106.723518,True
107.360823,29,106.790043,True
-45.143757,19,106.835044,False
-47.799476,13,106.867632,False
106.056214,32,106.939632,True
118.550534,31,107.010422,True
-49.281183,14,107.044428,False
80.912969,49,107.157965,True
-51.583291,11,107.186965,False
-34.977958,20,107.235965,False
-61.713029,33,107.314507,False
-57.152095,12,107.347986,False
102.002225,30,107.422917,True
-52.522994,19,107.469954,False
-43.700917,18,107.514952,False
-43.209847,18,107.560475,False
81.584349,49,107.676988,True
92.999229,38,107.766511,True
111.058983,20,107.817188,True
107.632529,28,107.903708,True
95.854007,40,108.000229,True
-44.694163,6,108.019229,False
110.73435,22,108.071745,True
109.430926,29,108.141751,True
102.546585,37,108.230262,True
108.580329,27,108.295792,True
99.094831,35,108.38031,True
116.141676,20,108.431309,True
-48.282779,10,108.457867,False
94.658937,46,108.575388,True
114.356837,24,108.637471,True
-45.562184,9,108.661514,False
110.707356,24,108.722513,True
-44.259147,12,108.753519,False
99.461728,36,108.842035,True
104.28396,25,108.906552,True
106.923121,34,108.987076,True
100.79713,37,109.07559,True
95.817289,33,109.154596,True
-47.795321,15,109.19462,False
111.889436,24,109.256131,True
110.721347,26,109.321137,True
108.76596,30,109.393167,True
-48.98376,14,109.429167,False
106.281067,22,109.485688,True
111.984714,27,109.555394,True
118.248307,24,109.617998,True
119.576886,23,109.675687,True
112.9357,32,109.753702,True
102.850908,27,109.82221,True
108.586369,20,109.872727,True
97.766114,34,109.956733,True
108.223675,21,110.012245,True
110.605679,24,110.073763,True
-52.476548,17,110.118764,False
-49.030262,14,110.163031,False
111.618174,26,110.238028,True
94.610328,40,110.334932,True
104.245888,31,111.504853,True
108.721292,20,111.55089,True
-41.533972,15,111.587369,False
102.693755,27,111.652376,True
115.676132,22,111.704748,True
116.933894,32,111.777673,True
102.692494,28,111.845803,True
-49.194128,12,111.88432,False
109.741726,33,111.960889,True
-45.97871,17,112.000899,False
-46.813585,18,112.044898,False
118.146834,21,112.09141,True
-51.902173,12,112.12041,False
-44.634734,10,112.147417,False
114.506596,19,112.192928,True
109.744653,19,112.236929,True
107.199833,25,112.296002,True
114.734208,20,112.343002,True
112.187232,25,112.40052,True
-53.395285,17,112.441521,False
-34.841186,17,112.482038,False
104.915424,47,112.601493,True
106.756437,25,112.660014,True
111.179804,30,112.730014,True
105.710973,34,112.806534,True
-44.250269,21,112.856539,False
112.095182,20,112.90505,True
111.275968,25,112.965566,True
-44.203736,14,112.998567,False
113.395097,33,113.09009,True
-43.612879,19,113.140089,False
96.695204,33,113.214609,True
-59.988062,21,113.262126,False
110.422947,20,113.312132,True
113.099463,23,113.367648,True
105.381386,26,113.430648,True
113.817925,23,113.486164,True
95.884292,42,113.584486,True
123.121357,23,113.641485,True
106.521761,24,113.702007,True
105.395837,23,113.759522,True
100.850971,43,113.860912,True
-44.660912,17,113.904849,False
116.812594,22,113.95953,True
108.625798,25,114.02006,True
118.687552,27,114.08658,True
112.232404,25,114.147589,True
111.063124,24,114.206099,True
117.561859,21,114.26163,True
-45.281668,6,114.287627,False
114.501924,25,114.35263,True
-52.986934,15,114.390141,False
-45.608794,14,114.426142,False
111.646119,22,114.481422,True
110.811534,25,114.546462,True
112.298697,30,114.62076,True
107.084968,33,114.702782,True
-46.905318,18,114.74884,False
101.412944,32,114.833351,True
-54.689791,20,114.887873,False
96.008901,35,114.97339,True
-47.874226,8,114.99439,False
99.061055,35,115.078958,True
113.893007,20,115.129958,True
-48.775692,21,115.182982,False
115.766458,18,115.228627,True
110.438217,27,115.295666,True
80.672008,53,115.440366,True
115.121542,22,115.495886,True
109.087212,24,115.55789,True
116.999648,29,115.629402,True
113.540123,21,115.681426,True
109.807004,23,115.739427,True
106.284603,24,115.799945,True
115.37595,23,115.857951,True
112.341593,17,115.900462,True
108.559866,26,115.970857,True
110.544634,21,116.029171,True
-49.769105,19,116.07976,False
100.226248,33,116.163019,True
-48.296222,10,116.190019,False
106.06839,31,116.268537,True
-60.516059,25,116.334566,False
116.465882,21,116.388062,True
105.030111,24,116.450067,True
103.188592,29,116.536583,True
104.600469,27,117.696676,True
110.591484,31,117.767193,True
101.471584,30,117.834784,True
-41.361169,11,117.862294,False
93.856646,35,117.948308,True
112.694606,26,118.009816,True
-47.406794,10,118.033816,False
111.458434,18,118.076335,True
100.139462,29,118.145334,True
110.902882,27,118.208759,True
109.170133,29,118.277183,True
112.742782,21,118.32552,True
121.991721,25,118.38212,True
-50.952012,11,118.40812,False
104.740054,25,118.465642,True
119.848786,23,118.520642,True
-47.922274,17,118.561647,False
-51.155091,14,118.595806,False
112.988858,23,118.653818,True
97.97024,32,118.736085,True
-44.086373,16,118.774609,False
112.226758,25,118.829609,True
-43.248362,6,118.844609,False
-55.1324,22,118.895904,False
105.275587,30,118.962909,True
117.959451,22,119.0134,True
107.664622,21,119.060406,True
99.323951,32,119.130988,True
-56.177458,28,119.195397,False
109.365829,23,119.249402,True
-57.041398,20,119.296921,False
119.963827,27,119.35688,True
114.452499,28,119.419389,True
109.062444,20,119.465847,True
108.794022,26,119.526846,True
124.107352,23,119.58337,True
-49.265787,13,119.633365,False
-47.821602,16,119.676394,False
108.796471,30,119.7534,True
112.967003,16,119.792917,True
-51.919557,16,119.834919,False
-50.216131,10,119.877444,False
-52.068108,27,119.946437,False
106.21124,29,120.0167,True
108.502432,30,120.08822,True
105.38466,36,120.173786,True
-48.219679,17,120.215786,False
107.605011,25,120.27914,True
113.938957,21,120.332083,True
-44.380807,11,120.361521,False
114.925313,19,120.41051,True
-38.858922,11,120.439515,False
114.96513,30,120.512193,True
122.072523,23,120.567713,True
109.203009,28,120.636708,True
106.162106,25,120.695763,True
101.838386,40,120.792018,True
110.462427,32,120.869539,True
95.594556,33,120.945539,True
103.02483,45,121.055082,True
-48.885379,18,121.100476,False
112.171083,18,121.145476,True
111.048978,26,121.210023,True
117.324105,24,121.276513,True
115.162428,18,121.329512,True
105.081814,25,121.394038,True
98.050381,34,121.476205,True
97.702437,31,121.553209,True
-48.690423,11,121.582729,False
102.802404,36,121.673566,True
113.373412,27,121.740567,True
104.268097,28,121.81409,True
-47.907106,11,121.848089,False
-49.888399,25,121.91261,False
116.146078,20,121.962617,True
114.908445,20,122.013127,True
110.444545,24,122.073779,True
104.824819,28,122.141779,True
102.121525,29,122.214809,True
111.766754,18,122.260817,True
-54.82317,20,122.31336,False
114.681757,30,122.396923,True
104.91078,37,122.488392,True
116.621252,20,122.541625,True
109.682018,25,122.605642,True
110.766057,20,122.655161,True
118.833251,27,122.723191,True
113.86219,18,123.969404,True
105.635402,24,124.026402,True
102.126748,29,124.097923,True
89.035832,57,124.248599,True
112.053272,21,124.304126,True
100.29345,32,124.389644,True
111.034954,24,124.456651,True
108.694029,23,124.517163,True
107.885524,26,124.584688,True
94.852523,47,124.691714,True
-56.264128,36,124.777132,False
90.472137,49,124.914909,True
108.585504,29,124.996431,True
111.29279,26,125.062438,True
109.328386,20,125.110956,True
-46.847134,15,125.15196,False
106.343891,22,125.207815,True
-45.355737,23,125.262826,False
107.832076,22,125.317338,True
102.819986,41,125.428486,True
112.339767,18,125.477004,True
107.335738,27,125.546003,True
121.564159,24,125.619262,True
118.064984,21,125.684277,True
107.978275,34,125.7868,True
118.769889,21,125.8478,True
103.097562,34,125.944315,True
-46.207574,27,126.018832,False
-44.117554,17,126.071352,False
113.205735,18,126.137427,True
-48.235701,18,126.190386,False
112.201693,29,126.272879,True
-51.482063,19,126.329879,False
-51.563437,16,126.379415,False
107.17196,24,126.449407,True
110.779921,20,126.508546,True
-35.502289,16,126.554553,False
110.08209,29,126.638834,True
-56.922958,25,126.71386,False
109.287768,21,126.781324,True
93.023667,39,126.890244,True
113.897345,16,126.938273,True
112.839497,18,126.9899,True
110.109965,20,127.052367,True
115.254668,33,127.154884,True
-48.678773,15,127.199903,False
106.684152,23,127.267935,True
111.690385,18,127.32142,True
111.379718,31,127.409934,True
-52.580966,17,127.458939,False
97.233693,34,127.546458,True
-46.79891,8,127.568969,False
-49.72123,9,127.592973,False
114.590409,23,127.649973,True
115.138457,20,127.701,True
125.869289,27,127.771518,True
111.098963,26,127.838517,True
110.864513,27,127.907091,True
112.727353,22,127.964044,True
112.857639,24,128.025557,True
105.600386,24,128.086073,True
-45.730989,7,128.107077,False
113.571842,16,128.151078,True
-43.826122,7,128.172167,False
105.336698,33,128.260173,True
117.096495,22,128.321687,True
104.08748,26,128.410213,True
98.773934,40,128.514729,True
-52.647628,15,128.55979,False
116.617828,27,128.63331,True
106.970945,23,128.694336,True
113.036985,27,128.770922,True
110.099102,22,128.832921,True
111.314852,21,128.890638,True
101.866169,33,128.983806,True
111.243645,22,129.050781,True
-39.473073,16,129.10026,False
107.010276,34,129.197603,True
111.977656,18,129.252599,True
104.387662,29,129.335121,True
111.907925,17,129.384643,True
-42.505125,15,129.428644,False
111.480198,25,129.50889,True
106.214533,30,129.596317,True
112.36982,22,130.861409,True
110.270162,30,130.933922,True
105.401499,26,130.995456,True
102.615025,29,131.074546,True
121.852759,29,131.146546,True
-46.156472,9,131.170039,False
110.385944,21,131.221555,True
105.602327,25,131.289344,True
103.004445,32,131.379895,True
102.13751,27,131.445895,True
113.865662,17,131.485411,True
-44.987106,8,131.508413,False
-46.177595,14,131.545412,False
111.034255,19,131.591932,True
109.750216,34,131.676959,True
-44.864879,9,131.703957,False
-44.011827,15,131.748954,False
113.597069,15,131.78927,True
104.112817,27,131.8868,True
102.816426,32,131.96781,True
114.098198,19,132.019317,True
111.93322,26,132.088852,True
121.125992,20,132.141851,True
102.413564,33,132.227883,True
107.995324,24,132.291401,True
110.748351,28,132.364405,True
104.629332,35,132.454918,True
101.699263,33,132.545436,True
107.804704,24,132.612956,True
112.476267,20,132.672488,True
110.600063,20,132.727003,True
108.018525,25,132.797524,True
118.038676,31,132.889038,True
-44.47863,20,132.948038,False
110.755693,21,133.008552,True
106.284007,23,133.072557,True
108.462241,22,133.134069,True
118.036576,27,133.212106,True
-47.554096,7,133.232105,False
104.829573,24,133.300622,True
119.342501,20,133.358634,True
-46.108393,15,133.405153,False
110.38106,19,133.459986,True
116.403069,21,133.523535,True
104.043044,28,133.598579,True
106.748437,24,133.667586,True
110.542167,26,133.735618,True
104.828179,32,133.829048,True
108.993757,37,133.923564,True
103.51218,27,133.989084,True
-56.014731,23,134.047085,False
101.096481,34,134.131607,True
-45.777117,7,134.150607,False
112.221303,21,134.204652,True
105.579313,24,134.267657,True
111.292149,26,134.334174,True
107.846424,24,134.411695,True
98.101151,35,134.502217,True
104.814068,29,134.577736,True
102.837424,28,134.648736,True
119.431687,24,134.710778,True
-45.322416,8,134.734779,False
112.829283,26,134.801301,True
-66.614049,37,134.899823,False
114.265224,31,134.979346,True
-45.980236,7,134.998349,False
-51.912558,21,135.063351,False
109.660396,26,135.13187,True
112.209861,21,135.184903,True
107.635898,22,135.241904,True
102.705643,28,135.313444,True
-50.742361,12,135.346443,False
106.85722,22,135.404967,True
-47.735196,26,135.470978,False
112.544475,22,135.527486,True
-49.485125,15,135.56749,False
-49.635732,11,135.599005,False
106.755109,24,135.676379,True
113.350309,16,135.718488,True
114.308609,18,135.765013,True
90.22308,48,135.88605,True
110.541903,32,135.970055,True
-41.380506,11,135.999571,False
111.852058,21,136.055573,True
109.562759,28,136.126088,True
-53.25875,23,136.185669,False
-42.839384,15,136.225674,False
92.044386,45,136.35719,True
-51.149226,15,137.548319,False
109.542514,27,137.609863,True
111.802183,23,137.663868,True
-53.48715,23,137.716903,False
104.190963,36,137.80017,True
-41.283317,18,137.843154,False
-51.519493,14,137.879812,False
-52.800747,17,137.921057,False
95.014842,43,138.019579,True
115.639492,22,138.070588,True
-48.764127,15,138.106096,False
-45.830453,10,138.132098,False
121.219711,23,138.186911,True
108.30374,28,138.253912,True
-45.529654,17,138.294433,False
-50.509334,36,138.391955,False
-43.171238,14,138.424954,False
113.638425,18,138.468962,True
106.686026,24,138.524473,True
-54.64175,19,138.569481,False
107.965937,24,138.625996,True
112.44257,33,138.702033,True
109.518452,27,138.764039,True
107.864685,29,138.832555,True
106.45626,24,138.889077,True
-49.472989,12,138.931082,False
109.913869,22,138.986598,True
113.969384,25,139.045598,True
99.623677,29,139.117126,True
-46.644369,15,139.15815,False
109.103242,20,139.215699,True
103.213743,31,139.308227,True
-49.968553,15,139.362231,False
-49.582134,14,139.408745,False
116.934723,19,139.467757,True
115.953341,23,139.542266,True
-46.199806,6,139.560271,False
99.524075,34,139.648787,True
-51.745401,14,139.691827,False
106.844493,32,139.791387,True
-50.904071,15,139.84339,False
-50.73814,24,139.913913,False
113.362411,19,139.964911,True
-39.228868,9,139.992795,False
106.030897,23,140.058875,True
-49.960673,17,140.106519,False
107.174597,23,140.180561,True
106.012556,33,140.270562,True
106.225953,30,140.351948,True
-41.913217,9,140.378471,False
119.403481,28,140.456471,True
111.077458,20,140.512649,True
115.088955,27,140.58717,True
-53.590404,15,140.62717,False
110.756048,24,140.699008,True
116.574197,27,140.770011,True
116.67086,18,140.814524,True
100.045706,30,140.887039,True
-55.052403,21,140.939039,False
103.356393,27,141.003556,True
115.603845,20,141.052557,True
-36.760835,16,141.094082,False
117.7973,18,141.142082,True
-46.561581,9,141.166099,False
-43.527947,14,141.202115,False
108.666363,20,141.254115,True
108.271708,21,141.306466,True
-48.903645,11,141.335465,False
110.144169,27,141.403984,True
-40.649403,14,141.439984,False
113.065082,31,141.514943,True
-46.688424,8,141.536892,False
86.668733,52,141.661328,True
-42.415659,10,141.690063,False
112.484418,22,141.746063,True
-49.558795,12,141.777582,False
-40.617704,10,141.805582,False
106.649334,26,141.87159,True
109.71299,19,141.920101,True
107.483117,26,142.001621,True
111.160613,29,142.077141,True
116.143683,13,142.112141,True
115.079339,34,142.199388,True
-50.583194,22,142.256418,False
114.213734,31,142.336043,True
-47.094829,13,142.370055,False
115.056996,16,142.411572,True
114.49502,16,142.451572,True
111.081649,23,142.525094,True
-45.11224,8,142.547096,False
109.168894,22,142.601609,True
-50.511539,25,142.665616,False
108.571403,28,142.735639,True
109.728677,21,142.789155,True
112.842122,25,142.852155,True
115.972762,21,143.937903,True
110.340529,22,143.98742,True
116.838088,27,144.051421,True
103.619848,28,144.124939,True
110.751865,27,144.188081,True
-49.099205,10,144.212079,False
113.777924,21,144.261079,True
115.714482,23,144.316093,True
112.721897,16,144.355709,True
112.455009,23,144.410364,True
-47.357052,11,144.436881,False
107.791833,22,144.488398,True
-40.85601,14,144.521397,False
108.839862,20,144.569402,True
115.135565,23,144.623855,True
111.69515,22,144.676376,True
92.364545,36,144.76189,True
106.090504,32,144.837406,True
110.166861,21,144.884931,True
-45.213407,9,144.906937,False
-51.206578,16,144.944931,False
112.054382,26,145.005457,True
110.651414,21,145.056457,True
95.903969,38,145.141975,True
101.055607,30,145.209009,True
113.788141,15,145.24301,True
106.8402,28,145.309529,True
103.613664,28,145.370534,True
113.267854,22,145.422048,True
116.694889,32,145.492565,True
95.765979,43,145.586085,True
115.212261,22,145.647085,True
106.517705,33,145.73013,True
-54.27875,18,145.772135,False
105.608748,24,145.827647,True
106.910695,24,145.884184,True
116.486089,21,145.934179,True
106.859086,41,146.028697,True
112.086522,27,146.090218,True
96.229094,40,146.181247,True
114.000313,17,146.224247,True
110.576822,23,146.280777,True
121.964593,32,146.355777,True
104.707107,24,146.414294,True
-51.818586,9,146.437294,False
-40.013297,12,146.469304,False
116.500903,18,146.517497,True
117.622992,24,146.576527,True
114.639095,17,146.617555,True
114.206175,24,146.685588,True
104.59647,31,146.763597,True
117.466518,22,146.818103,True
114.558866,18,146.861102,True
106.339933,36,146.947619,True
104.805551,27,147.012134,True
116.035886,15,147.049134,True
111.902206,20,147.098664,True
119.408088,21,147.156663,True
114.807493,29,147.233701,True
-52.000593,25,147.295225,False
-44.590441,12,147.325221,False
111.41272,17,147.367227,True
-34.927401,20,147.417742,False
-41.689419,10,147.443743,False
-48.835763,21,147.494261,False
108.31614,23,147.550262,True
-46.107972,13,147.58379,False
108.757435,34,147.667796,True
117.763533,16,147.706823,True
-52.77369,16,147.747822,False
-47.146587,16,147.789339,False
111.573854,17,147.832338,True
106.127758,23,147.890469,True
99.727532,36,147.982985,True
-43.547784,9,148.006985,False
112.888201,21,148.060985,True
116.343087,31,148.137509,True
-50.110581,21,148.192537,False
114.065794,19,148.238536,True
111.11121,18,148.284059,True
-56.976656,19,148.334057,False
-52.937295,20,148.382587,False
111.788825,19,148.429587,True
119.075889,21,148.483113,True
122.957875,23,148.539107,True
116.118301,20,148.590625,True
102.916291,26,148.654519,True
100.61649,35,148.741776,True
101.8107,33,148.837819,True
102.289007,32,149.992147,True
-50.487631,11,150.018146,False
114.12271,23,150.073151,True
104.014785,27,150.135236,True
112.825237,20,150.181427,True
108.949509,27,150.244427,True
114.112587,26,150.304953,True
113.988447,29,150.374014,True
104.729929,25,150.439525,True
-60.314125,24,150.502638,False
114.285949,19,150.546643,True
-49.464583,21,150.595155,False
111.138882,19,150.642155,True
105.089318,25,150.70119,True
-44.335854,8,150.72119,False
-48.867802,9,150.74319,False
115.776094,19,150.787708,True
-45.02429,20,150.835722,False
116.13215,19,150.882338,True
-41.094758,12,150.911344,False
114.156506,16,150.950881,True
108.816063,24,151.006406,True
109.309245,27,151.080925,True
-47.191114,9,151.102925,False
109.3795,23,151.157925,True
111.260108,21,151.205954,True
101.961212,37,151.287477,True
110.798264,22,151.339479,True
109.604263,32,151.409995,True
-51.978879,15,151.444995,False
-48.259978,9,151.469002,False
-53.381341,21,151.518518,False
102.350999,31,151.608056,True
115.546062,16,151.648054,True
87.314561,46,151.755083,True
116.485994,25,151.8146,True
111.960618,17,151.855602,True
-47.08068,15,151.895124,False
106.740612,24,151.954153,True
114.984058,17,151.994643,True
109.72306,19,152.040645,True
112.810116,23,152.09816,True
-50.983233,15,152.136163,False
-47.595289,7,152.15516,False
113.070331,20,152.203191,True
-43.866912,6,152.222213,False
113.02392,26,152.283715,True
-47.840686,12,152.315716,False
109.75234,21,152.369722,True
116.536393,27,152.435232,True
93.063036,44,152.537752,True
108.342092,25,152.59927,True
110.595237,24,152.66027,True
108.819598,21,152.718366,True
105.091977,28,152.787884,True
-46.595305,19,152.834884,False
106.731211,26,152.899401,True
111.383129,20,152.949403,True
124.945366,22,153.009818,True
-54.697082,23,153.064899,False
124.530326,22,153.117937,True
109.649624,23,153.177943,True
113.861046,26,153.241577,True
118.059674,15,153.278583,True
-42.658687,9,153.302095,False
114.934732,20,153.352095,True
-47.695678,14,153.390614,False
-47.750888,17,153.434617,False
107.689935,22,153.490134,True
116.068845,20,153.540134,True
113.542978,32,153.624652,True
111.040067,29,153.701683,True
104.884913,25,153.764683,True
127.764575,28,153.835213,True
113.031803,23,153.893731,True
110.909899,24,153.954731,True
106.555275,28,154.022253,True
99.086243,30,154.094785,True
110.483802,22,154.150768,True
-50.561415,14,154.186803,False
-59.375054,17,154.232804,False
-43.158558,10,154.258803,False
-58.92707,19,154.308335,False
112.368489,25,154.369342,True
111.774477,21,154.425853,True
111.849007,22,154.492373,True
113.611983,18,154.538373,True
111.169021,29,154.612905,True
108.661507,24,154.67591,True
94.141496,50,154.798505,True
98.069263,39,154.896021,True
113.184978,21,154.952021,True
118.468871,24,155.012276,True
109.522577,25,156.175334,True
-44.117106,10,156.19932,False
125.920153,23,156.254319,True
-43.768117,20,156.301838,False
115.564246,16,156.339839,True
107.963752,26,156.406364,True
108.60831,26,156.471374,True
109.591008,31,156.541882,True
-54.029829,16,156.579889,False
-49.026523,19,156.623409,False
111.370842,20,156.670415,True
-47.01963,11,156.697446,False
112.511886,17,156.736447,True
113.539867,22,156.786971,True
115.357331,28,156.850968,True
97.367489,35,156.939488,True
93.724917,44,157.038633,True
99.131038,32,157.1118,True
-43.962938,10,157.135801,False
111.689181,22,157.185833,True
118.719141,23,157.237833,True
-49.082869,14,157.271839,False
-54.448174,10,157.297163,False
107.090654,27,157.362181,True
-42.877964,15,157.39678,False
-46.893207,12,157.426786,False
115.901117,18,157.469302,True
111.967797,21,157.517815,True
110.426126,20,157.580827,True
112.827639,25,157.642338,True
113.575694,27,157.703375,True
-44.594524,11,157.730375,False
-44.35153,12,157.759375,False
-45.343037,10,157.784893,False
118.436552,20,157.831895,True
105.252857,26,157.893416,True
-43.385175,5,157.907411,False
113.310875,20,157.953412,True
103.215807,27,158.023934,True
106.961481,24,158.087453,True
-54.249062,19,158.133453,False
105.188429,26,158.197477,True
109.317893,24,158.254477,True
114.933258,25,158.315007,True
110.873192,22,158.367005,True
-49.316601,19,158.414518,False
-46.054812,7,158.433519,False
120.905674,21,158.482523,True
113.393074,19,158.529035,True
116.058309,22,158.58204,True
111.935964,18,158.624549,True
112.633195,19,158.683578,True
100.593122,29,158.754583,True
106.413178,27,158.818107,True
-46.28675,8,158.840106,False
113.279065,22,158.892634,True
113.270667,25,158.951633,True
-43.435744,7,158.970643,False
121.922469,21,159.020156,True
111.460983,19,159.065156,True
114.472617,21,159.116676,True
-52.335548,13,159.150677,False
118.761384,21,159.201705,True
108.934391,23,159.256706,True
107.203409,32,159.333236,True
-50.063916,12,159.363238,False
105.212907,25,159.425756,True
-47.53206,15,159.463758,False
116.292675,23,159.522401,True
-45.806496,10,159.549401,False
110.729224,28,159.619569,True
-48.631145,11,159.649575,False
111.204438,19,159.699607,True
114.494456,25,159.783613,True
112.491244,22,159.840801,True
-40.117677,12,159.872805,False
103.791087,27,159.940325,True
120.198283,19,159.987846,True
111.29952,23,160.044846,True
-48.136289,20,160.094372,False
-54.682435,16,160.134373,False
108.01201,22,160.191405,True
107.541245,29,160.27341,True
123.512165,20,160.323225,True
117.586084,24,160.384233,True
110.174538,25,160.447755,True
113.27055,20,160.496276,True
-43.920094,9,160.520271,False
111.130636,23,160.575277,True
116.43114,20,160.624792,True
113.142068,19,160.673798,True
106.594558,26,160.738824,True
-50.89362,13,160.771829,False
113.762732,16,160.81334,True
107.475057,28,160.883349,True
121.221063,20,160.933702,True
-54.054329,24,161.004302,False
114.954289,18,161.056222,True
-56.507799,17,161.100791,False
109.792563,23,161.161366,True
102.188799,31,161.238395,True
